<?xml version="1.0" encoding="UTF-8" ?>
<configuration scan="true" scanPeriod="5">
    <pattern line.separator="\n"/>
    <property name="appid" value="search.adindex"/>
    <appender name="STDOUT" class="ch.qos.logback.core.ConsoleAppender">
        <filter class="ch.qos.logback.classic.filter.ThresholdFilter">
            <level>INFO</level>
        </filter>
        <encoder/>
    </appender>
    <appender name="FILE"
              class="ch.qos.logback.core.rolling.RollingFileAppender">
        <filter class="ch.qos.logback.classic.filter.ThresholdFilter">
            <level>INFO</level>
        </filter>
        <file>/data/log/${appid}/info.log</file>
        <rollingPolicy class="ch.qos.logback.core.rolling.TimeBasedRollingPolicy">
            <fileNamePattern>/data/log/${appid}/info.log.%d{yyyy-MM-dd}.gz
            </fileNamePattern>
            <maxHistory>3</maxHistory>
        </rollingPolicy>
        <encoder/>
    </appender>
	<appender name="WARN"
		class="ch.qos.logback.core.rolling.RollingFileAppender">
		<filter class="ch.qos.logback.classic.filter.ThresholdFilter">
			<level>WARN</level>
		</filter>
		<file>/data/log/${appid}/warn.log</file>
		<rollingPolicy class="ch.qos.logback.core.rolling.TimeBasedRollingPolicy">
			<fileNamePattern>/data/log/${appid}/warn.log.%d{yyyy-MM-dd}.gz
			</fileNamePattern>
			<maxHistory>3</maxHistory>
		</rollingPolicy>
		<encoder />
	</appender>
    <appender name="ERR"
              class="ch.qos.logback.core.rolling.RollingFileAppender">
        <filter class="ch.qos.logback.classic.filter.ThresholdFilter">
            <level>ERROR</level>
        </filter>
        <file>/data/log/${appid}/error.log</file>
        <rollingPolicy class="ch.qos.logback.core.rolling.TimeBasedRollingPolicy">
            <fileNamePattern>/data/log/${appid}/error.log.%d{yyyy-MM-dd}.gz
            </fileNamePattern>
            <maxHistory>3</maxHistory>
        </rollingPolicy>
        <encoder/>
    </appender>
    <appender name="SYSLOG" class="me.ele.elog.appender.SyslogAppender">
        <filter class="ch.qos.logback.classic.filter.ThresholdFilter">
            <level>INFO</level>
        </filter>
        <syslogHost>localhost</syslogHost>
        <facility>LOCAL6</facility>
    </appender>
    <appender name="ASYNC" class="me.ele.elog.appender.AsyncAppender">
        <buffer size="2048"/>
        <appender-ref ref="FILE"/>
		<appender-ref ref="WARN" />
        <appender-ref ref="ERR"/>
        <appender-ref ref="SYSLOG"/>
    </appender>
    <root level="INFO">
        <appender-ref ref="ASYNC"/>
    </root>
</configuration>