<?xml version="1.0" encoding="UTF-8"?>
<beans xmlns="http://www.springframework.org/schema/beans"
	xmlns:mvc="http://www.springframework.org/schema/mvc" xmlns:context="http://www.springframework.org/schema/context"
	xmlns:xsi="http://www.w3.org/2001/XMLSchema-instance"
	xsi:schemaLocation="http://www.springframework.org/schema/beans  
		http://www.springframework.org/schema/beans/spring-beans-4.0.xsd  
		http://www.springframework.org/schema/mvc  
		http://www.springframework.org/schema/mvc/spring-mvc.xsd  
		http://www.springframework.org/schema/context  
		http://www.springframework.org/schema/context/spring-context-4.0.xsd">
	<context:component-scan
		base-package="bilan.controller" />
	<context:annotation-config />
	<mvc:annotation-driven
		content-negotiation-manager="contentManager" />
	<bean id="contentManager"
		class="org.springframework.web.accept.ContentNegotiationManagerFactoryBean">
		<property name="favorPathExtension" value="true" />
		<property name="ignoreAcceptHeader" value="false" />
		<property name="favorParameter" value="true" />
		<property name="defaultContentType" value="application/json" />
		<property name="useJaf" value="false" />
		<property name="mediaTypes">
			<map>
				<entry key="json" value="application/json" />
			</map>
		</property>
	</bean>
	<bean id="jspViewResolver"
		class="org.springframework.web.servlet.view.InternalResourceViewResolver">
		<property name="prefix" value="/WEB-INF/views/" />
		<property name="suffix" value=".jsp" />
	</bean>
</beans>