<?xml version="1.0" encoding="UTF-8"?>
<beans xmlns="http://www.springframework.org/schema/beans"
	xmlns:xsi="http://www.w3.org/2001/XMLSchema-instance"
	xsi:schemaLocation="http://www.springframework.org/schema/beans http://www.springframework.org/schema/beans/spring-beans.xsd">
    <!--等价于： Computer computer = new Computer() -->
    <bean id="computer" class="org.DIY.bussniess.Computer">
        <!--等价于： computer.setUsb(phone) -->
        <property name="usb" ref="phone"></property>
    </bean>

    <!-- Camera camera = new Camera(); -->
    <bean id="camera" class="org.DIY.bussniess.Camera"/>

    <!--等价于： Phone phone = new Phone(); -->
    <bean id="phone" class="org.DIY.bussniess.Phone">
        <!--等价于： phone.setBrand("华为") -->
        <property name="brand" value="华为"></property>
    </bean>
</beans>
