<?xml version="1.0" encoding="UTF-8"?>
<beans xmlns="http://www.springframework.org/schema/beans"
       xmlns:xsi="http://www.w3.org/2001/XMLSchema-instance"
       xsi:schemaLocation="http://www.springframework.org/schema/beans http://www.springframework.org/schema/beans/spring-beans-4.0.xsd">
	<!--   搜索 数据库 -->
	<bean id="elemesearchDataSource" class="org.apache.commons.dbcp.BasicDataSource"
		destroy-method="close">
		<property name="driverClassName" value="com.mysql.jdbc.Driver" />
		<property name="url"
			value="jdbc:mysql://123.56.0.47:3306/bilan?useUnicode=true&amp;characterEncoding=utf-8&amp;zeroDateTimeBehavior=convertToNull&amp;autoReconnect=true&amp;autoReconnectForPools=true" />
		<property name="username" value="root" />
		<property name="password" value="bilan1qaz@WSX" />
		<!-- 连接池的最大值 -->
		<property name="maxActive" value="400" />
		<!-- 最大空闲值.当经过一个高峰时间后，连接池可以慢慢将已经用不到的连接慢慢释放一部分，一直减少到maxIdle为止 -->
		<property name="maxIdle" value="30" />
		<!-- 最小空闲值.当空闲的连接数少于阀值时，连接池就会预申请去一些连接，以免洪峰来时来不及申请 -->
		<property name="minIdle" value="1" />
		<property name="maxWait" value="1800" />
	</bean>
	<!--供应链 搜索 数据库 Template -->
	<bean id="elemesearchDBTemplate" class="org.springframework.jdbc.core.JdbcTemplate">
		<property name="dataSource">
			<ref bean="elemesearchDataSource" />
		</property>
	</bean> 
</beans>