<?xml version="1.0" encoding="UTF-8"?>
<beans xmlns="http://www.springframework.org/schema/beans"
       xmlns:xsi="http://www.w3.org/2001/XMLSchema-instance"
       xsi:schemaLocation="http://www.springframework.org/schema/beans
		http://www.springframework.org/schema/beans/spring-beans-4.0.xsd">

    <!-- 直接从中后台读取餐厅数据 -->
    <bean id="naposDataSQLConfig" class="me.ele.elesearchshard.base.model.DataSQLConfig">
        <property name="dbTemplateName" value="naposDBTemplate"/>
        <property name="countSQL" value="select count(1) from restaurant where is_valid=1 and type=0 " />
        <property name="dataSQL" value="select id,name,latitude,longitude,city_id,attribute,recent_order_num,image_hash,deliver_geojson,busy_level,open_time,is_bookable from restaurant WHERE is_valid=1 and type=0 and id&gt;#id# ORDER BY id LIMIT 0 , #pagesize# "/>
        <property name="pagesize" value="1000"/>
    </bean>  
    
    <!-- 搜索餐厅宽表读取部分数据 -->
    <bean id="restaurantDataSQLConfig" class="me.ele.elesearchshard.base.model.DataSQLConfig">
        <property name="dbTemplateName" value="elemesearchDBTemplate"/>
        <property name="countSQL" value="" />
        <property name="dataSQL" value="select restaurant_id,flavor_ids,delivery_modes,promotion_types,shop_attributes,brand_info,unit_price,deliver_spent,like_rate_score,is_super_member from search_restaurant WHERE restaurant_id in (#restaurantIds#)"/>
        <property name="pagesize" value="0"/>
    </bean>
 
    <!-- 全量索引更新通知 -->
    <bean id="fullIndexDataConfig" class="me.ele.elesearchshard.base.model.DataSQLConfig">
        <property name="dbTemplateName" value="elemesearchDBTemplate"/>
        <property name="countSQL" value=""/>
        <property name="dataSQL" value="update ad_fullindex set create_index_status='#create_index_status#',diff_time='#diff_time#',index_version='#index_version#' where index_data_type='#index_data_type#' and server_room='#server_room#'"/>
        <property name="pagesize" value="1"/>
    </bean>

</beans>