<?xml version="1.0" encoding="UTF-8"?>
<configuration>
	<!-- 控制台输出 -->
	<appender name="stdout" class="ch.qos.logback.core.ConsoleAppender">
		<encoder>
			<pattern>%date [%thread] %-5level %logger{80} - %msg%n</pattern>
		</encoder>
	</appender>
	<!-- 时间滚动输出 level为 Info 日志 -->
	<appender name="file—info"
		class="ch.qos.logback.core.rolling.RollingFileAppender">
		<filter class="ch.qos.logback.classic.filter.LevelFilter">
			<level>INFO</level>
			<onMatch>ACCEPT</onMatch>
			<onMismatch>DENY </onMismatch>
		</filter>
		<rollingPolicy class="ch.qos.logback.core.rolling.TimeBasedRollingPolicy">
			<FileNamePattern>/data/log/bilan/info/%d{yyyy-MM-dd}.%i.log
			</FileNamePattern>
			<timeBasedFileNamingAndTriggeringPolicy
				class="ch.qos.logback.core.rolling.SizeAndTimeBasedFNATP">
				<maxFileSize>10MB</maxFileSize>
				<MaxHistory>7</MaxHistory>
			</timeBasedFileNamingAndTriggeringPolicy>
		</rollingPolicy>
		<encoder>
			<pattern>%date [%thread] %-5level %logger{80} - %msg%n</pattern>
		</encoder>
	</appender>
	<!-- 时间滚动输出 level为 ERROR 日志 -->
	<appender name="file—error"
		class="ch.qos.logback.core.rolling.RollingFileAppender">
		<filter class="ch.qos.logback.classic.filter.LevelFilter">
			<level>ERROR</level>
			<onMatch>ACCEPT</onMatch>
			<onMismatch>DENY </onMismatch>
		</filter>
		<rollingPolicy class="ch.qos.logback.core.rolling.TimeBasedRollingPolicy">
			<FileNamePattern>/data/log/bilan/error/%d{yyyy-MM-dd}.%i.log
			</FileNamePattern>
			<timeBasedFileNamingAndTriggeringPolicy
				class="ch.qos.logback.core.rolling.SizeAndTimeBasedFNATP">
				<maxFileSize>10MB</maxFileSize>
				<MaxHistory>7</MaxHistory>
			</timeBasedFileNamingAndTriggeringPolicy>
		</rollingPolicy>
		<encoder>
			<pattern>%date [%thread] %-5level %logger{80} - %msg%n</pattern>
		</encoder>
	</appender>
	<!-- 时间滚动输出 level为 ERROR 日志 -->
	<appender name="file—warn"
		class="ch.qos.logback.core.rolling.RollingFileAppender">
		<filter class="ch.qos.logback.classic.filter.LevelFilter">
			<level>WARN</level>
			<onMatch>ACCEPT</onMatch>
			<onMismatch>DENY </onMismatch>
		</filter>
		<rollingPolicy class="ch.qos.logback.core.rolling.TimeBasedRollingPolicy">
			<FileNamePattern>/data/log/bilan/warn/%d{yyyy-MM-dd}.%i.log
			</FileNamePattern>
			<timeBasedFileNamingAndTriggeringPolicy
				class="ch.qos.logback.core.rolling.SizeAndTimeBasedFNATP">
				<maxFileSize>10MB</maxFileSize>
				<MaxHistory>7</MaxHistory>
			</timeBasedFileNamingAndTriggeringPolicy>
		</rollingPolicy>
		<encoder>
			<pattern>%date [%thread] %-5level %logger{80} - %msg%n</pattern>
		</encoder>
	</appender>
	<root level="INFO">
		<appender-ref ref="stdout" />
		<appender-ref ref="file—info" />
		<appender-ref ref="file—error" />
		<appender-ref ref="file—warn" />
	</root>
</configuration>